{"cameraMode":{"drawMode":0,"name":"Shaded","section":"Shading Mode"},"sceneLighting":false,"audioPlay":false,"sceneViewState":{"m_AlwaysRefresh":false,"showFog":false,"showSkybox":false,"showFlares":false,"showImageEffects":false,"showParticleSystems":false,"showVisualEffectGraphs":true,"m_FxEnabled":true},"in2DMode":false,"pivot":{"x":0.00028884410858154297,"y":0.7777107954025269,"z":-0.04062940180301666},"rotation":{"x":-0.002048853551968932,"y":0.9909108877182007,"z":-0.015171092934906483,"w":-0.13368239998817445},"size":0.7140013575553894,"orthographic":false}