{"cameraMode":{"drawMode":0,"name":"Shaded","section":"Shading Mode"},"sceneLighting":false,"audioPlay":false,"sceneViewState":{"m_AlwaysRefresh":false,"showFog":false,"showSkybox":false,"showFlares":false,"showImageEffects":false,"showParticleSystems":false,"showVisualEffectGraphs":true,"m_FxEnabled":true},"in2DMode":false,"pivot":{"x":1.1920928955078126e-7,"y":0.8423442244529724,"z":0.027632981538772584},"rotation":{"x":-0.002048853551968932,"y":0.9909108877182007,"z":-0.015171092934906483,"w":-0.13368239998817445},"size":1.123968243598938,"orthographic":false}